company_id,overview,career_url,recruitment_summary,job_categories,workplace,compensation,employment_note,updated_at
recruit-holdings,"求人・販促のマッチング基盤と人材派遣を国内外で展開する企業グループです。IndeedなどのHRテクノロジー、国内のマッチング・業務支援、人材派遣が主な事業です。",https://www.recruit.co.jp/employment/students/,新卒採用は職種領域を分けて募集しています。配属先や選考方法はコースごとに異なるため募集要項の確認が必要です。,ビジネスグロース|プロダクトグロース|エンジニア|データスペシャリスト|デザイン|ファイナンス,勤務地や働き方は職種・配属先ごとに異なります。,既存記事の確認時点では月給326551円以上・年収例470万円以上。固定時間外手当を含むため内訳も要確認。,平均給与などの人的指標は持株会社単体の公表値でありグループ全体や採用主体の待遇とは一致しません。,2025-04-08
ly-corporation,"LINEとYahoo! JAPANを中心に、広告・メディア、コマース、金融など日常利用される大規模サービスを運営しています。",https://www.lycorp.co.jp/ja/recruit/newgrads/,新卒は専門領域別の採用です。希望職種がどの事業に属するかまで確認すると仕事内容を捉えやすくなります。,エンジニア|デザイナー|ビジネスコンサルタント|プロダクトプランナー|データアナリスト,職種・配属組織により異なります。,既存記事の確認時点では職種別に月給314000円以上から336000円以上。35時間相当の固定時間外手当を含む記載があります。,企業再編後の会社であるため過年度比較では組織再編と対象範囲に注意が必要です。,2025-05-04
mercari,"フリマアプリを軸に、決済・クレジットなどのFintech、越境取引、米国事業へ展開しています。",https://careers.mercari.com/jp/students/,新卒採用は通年採用で職種により技術課題を含みます。インターンシップも主要な接点です。,エンジニアリング|プロダクト・ビジネス|コーポレート,東京・六本木を主な拠点とし職種により異なります。,既存記事の確認時点の初任給例は月給300000円。基本給と固定残業代の内訳が記載されています。,平均給与は提出会社単体でありグループ全体の給与水準を示すものではありません。,2026-07-31
cyberagent,"インターネット広告、メディア＆IP、ゲームを柱に、AIやDXにも投資するインターネット企業です。ABEMAやゲーム子会社など事業ごとに仕事内容が大きく異なります。",https://www.cyberagent.co.jp/careers/,新卒はビジネス・エンジニア・クリエイターのコース別採用です。エンジニアは能力や実績に応じた評価枠があります。,ビジネス|エンジニア|クリエイター,本社は東京・渋谷。職種によって大阪・名古屋・福岡などの拠点があります。,既存記事の確認時点では最低年俸504万円。エンジニアのエキスパート認定は最低年俸720万円以上。,平均給与は提出会社単体で子会社の給与水準を示すものではありません。ゲームなどは子会社採用も確認が必要です。,2025-05-05
ntt-data-group,"公共・金融・法人向けの大規模システムからコンサルティング、クラウド、運用までを国内外で提供するITサービスグループです。",https://nttdata-recruit.com/,営業・SE・コンサル・研究開発・スタッフ・ファシリティなど幅広い職種があります。SEでも業務・方式・プロジェクト管理で役割が異なります。,営業|システムエンジニア|コンサルタント|研究開発|スタッフ|ファシリティ,国内外の事業所。配属組織と職種により異なります。,既存記事の2025年4月実績は修士297140円などグレード別。最新年度の募集要項を要確認。,持株会社と事業会社で開示主体・採用主体が異なります。平均給与と募集要項が同じ法人の値か確認してください。,2025-04-05
scsk,"コンサルティング、システム開発、ITインフラ、運用、製品販売、BPOまで一連のITサービスを提供する総合SIerです。",https://www.scsk.jp/recruit/saiyo/index.html,新卒は技術職・営業職・コーポレート職を中心に募集しています。技術職は開発だけでなくインフラ、製品、運用、研究、プロジェクト管理も含みます。,技術|営業|コーポレート,東京・大阪・愛知・福岡など。配属先により異なります。,既存記事の確認時点では大卒月給320000円・院卒340000円。各種手当を含む内訳と最新年度を要確認。,平均給与はSCSK単体の公表値。グループ会社とは勤務条件が異なります。,2025-04-09
ntt,"通信・IT・データセンター・不動産・エネルギーなどを多数の事業会社で展開する持株会社です。本体とNTTドコモ、NTT東西、NTTデータなどは採用主体が別です。",https://group.ntt/jp/careers/,持株会社本体の新卒採用は主にNTT研究所の研究開発職です。一般的な事業職は各グループ会社の採用情報を確認する必要があります。,研究開発|知的財産,本社および武蔵野・横須賀・厚木・筑波・京阪奈などの研究開発拠点。,既存記事の2027年度見込みは博士390260円・修士または学士362740円で住宅補助費を含む。,表示する給与は持株会社単体です。グループ各社の給与・職種・勤務地を示すものではありません。,2026-07-29
kddi,"au・UQ mobile・povoなどの通信を中心に、金融、エネルギー、法人向けクラウド・ネットワーク、データセンターへ事業を広げています。",https://career.kddi.com/freshers/recruit/,初期配属領域を確約する専門コースと入社後に領域を決めるOPENコースがあります。,ネットワーク|ソリューション|アプリケーション|プロダクトマネジメント|セキュリティ|データサイエンス|デザイン|営業・企画,東京を中心に全国の事業所。コースと配属先により異なります。,既存記事の2027年卒向け記載は全学歴共通で月給305000円から365000円。,平均給与はKDDI単体。連結には通信以外に金融などの事業も含まれます。,2026-07-29
hitachi,"IT、エネルギー、鉄道、産業機器など社会インフラを幅広く手がける企業グループです。IT志望者はデジタルシステム＆サービスとLumada関連の職種・グループ会社を確認すると整理しやすくなります。",https://www.hitachi.com/ja-jp/recruit/opportunities/newgraduate,新卒は職種・ポジションを選ぶジョブベース採用です。研究開発、設計開発、SE、営業技術、企画・管理など募集領域が広範です。,研究開発|設計開発|システムエンジニア|営業技術|営業|事業企画|コーポレート,全国・海外拠点。応募ポジションごとに確認が必要です。,既存記事の2026年4月実績は修士312000円・学士287000円・高専247000円。,平均給与は日立製作所単体。グループ会社や職種別の水準ではありません。,2026-07-29
