company_id,message,source_label
recruit-holdings,"まだ、ここにない、出会い。より速く、シンプルに、もっと近くに。",企業メッセージ
ly-corporation,"「WOW」なライフプラットフォームを創り、日常に「！」を届ける。",ミッション
mercari,"あらゆる価値を循環させ、あらゆる人の可能性を広げる",グループミッション
cyberagent,21世紀を代表する会社を創る,ビジョン
ntt-data-group,情報技術で新しい「しくみ」や「価値」を創造し、より豊かで調和のとれた社会の実現に貢献する,企業理念
scsk,"お客様のニーズの先を読み、最適な解決策となるITサービスを。",企業メッセージ
ntt,Your Value Partner,ブランドメッセージ
kddi,"KDDIグループは、全従業員の物心両面の幸福を追求すると同時に、お客さまの期待を超える感動をお届けすることにより、豊かなコミュニケーション社会の発展に貢献します。",企業理念
hitachi,優れた自主技術・製品の開発を通じて社会に貢献する,企業理念
