company_id,fiscal_year,segment_id,segment_name,description,revenue,segment_profit,profit_measure,currency,unit,availability,source_id,note
recruit-holdings,2026,hr-technology,HRテクノロジー事業,,1454440000000,549995000000,EBITDA+S,JPY,JPY,reported,edinet-s100ydhl,
recruit-holdings,2026,staffing,人材派遣事業,,1679327000000,99744000000,EBITDA+S,JPY,JPY,reported,edinet-s100ydhl,
recruit-holdings,2026,marketing-matching-technologies,マーケティング・マッチング・テクノロジー事業,,563584000000,154976000000,EBITDA+S,JPY,JPY,reported,edinet-s100ydhl,
recruit-holdings,2025,hr-technology,HRテクノロジー事業,,1124281000000,404113000000,EBITDA+S,JPY,JPY,reported,edinet-s100vzg5,
recruit-holdings,2025,staffing,人材派遣事業,,1641385000000,97460000000,EBITDA+S,JPY,JPY,reported,edinet-s100vzg5,
recruit-holdings,2025,marketing-matching-technologies,マーケティング・マッチング・テクノロジー事業,,783282000000,185957000000,EBITDA+S,JPY,JPY,reported,edinet-s100vzg5,
ly-corporation,2026,media,メディア事業,,729339000000,210838000000,営業利益,JPY,JPY,reported,edinet-s100ybxd,
ly-corporation,2026,commerce,コマース事業,,854892000000,87390000000,営業利益,JPY,JPY,reported,edinet-s100ybxd,
ly-corporation,2026,strategy,戦略事業,,442277000000,68424000000,営業利益,JPY,JPY,reported,edinet-s100ybxd,
ly-corporation,2025,media,メディア事業,,724901000000,218970000000,営業利益,JPY,JPY,reported,edinet-s100ybxd,
ly-corporation,2025,commerce,コマース事業,,846293000000,104196000000,営業利益,JPY,JPY,reported,edinet-s100ybxd,
ly-corporation,2025,strategy,戦略事業,,339870000000,33307000000,営業利益,JPY,JPY,reported,edinet-s100ybxd,
cyberagent,2025,media-and-ip,メディア&IP事業,,217164000000,7291000000,営業利益,JPY,JPY,reported,edinet-s100xcu9,
cyberagent,2025,internet-advertising,インターネット広告事業,,438811000000,17602000000,営業利益,JPY,JPY,reported,edinet-s100xcu9,
cyberagent,2025,game,ゲーム事業,,216391000000,60063000000,営業利益,JPY,JPY,reported,edinet-s100xcu9,
cyberagent,2025,investment-development,投資育成事業,,1663000000,-1515000000,営業利益,JPY,JPY,reported,edinet-s100xcu9,
cyberagent,2024,media-and-ip,メディア&IP事業,,186223000000,-1448000000,営業利益,JPY,JPY,reported,edinet-s100xcu9,
cyberagent,2024,internet-advertising,インターネット広告事業,,413022000000,20457000000,営業利益,JPY,JPY,reported,edinet-s100xcu9,
cyberagent,2024,game,ゲーム事業,,195648000000,30569000000,営業利益,JPY,JPY,reported,edinet-s100xcu9,
cyberagent,2024,investment-development,投資育成事業,,6342000000,426000000,営業利益,JPY,JPY,reported,edinet-s100xcu9,
dena,2026,game,ゲーム事業,,64176000000,29656000000,セグメント利益,JPY,JPY,reported,edinet-s100yldv,
dena,2026,live-streaming,ライブストリーミング事業,,39790000000,3984000000,セグメント利益,JPY,JPY,reported,edinet-s100yldv,
dena,2026,sports-smart-city,スポーツ・スマートシティ事業,,32651000000,1795000000,セグメント利益,JPY,JPY,reported,edinet-s100yldv,
dena,2026,healthcare-medical,ヘルスケア・メディカル事業,,8705000000,-2329000000,セグメント利益,JPY,JPY,reported,edinet-s100yldv,
dena,2026,new-businesses-and-others,新規事業・その他,,2379000000,-1550000000,セグメント利益,JPY,JPY,reported,edinet-s100yldv,
dena,2025,game,ゲーム事業,,77982000000,38577000000,セグメント利益,JPY,JPY,reported,edinet-s100yldv,
dena,2025,live-streaming,ライブストリーミング事業,,40562000000,-201000000,セグメント利益,JPY,JPY,reported,edinet-s100yldv,
dena,2025,sports-smart-city,スポーツ・スマートシティ事業,,31148000000,1846000000,セグメント利益,JPY,JPY,reported,edinet-s100yldv,
dena,2025,healthcare-medical,ヘルスケア・メディカル事業,,10733000000,-3619000000,セグメント利益,JPY,JPY,reported,edinet-s100yldv,
dena,2025,new-businesses-and-others,新規事業・その他,,3572000000,-134000000,セグメント利益,JPY,JPY,reported,edinet-s100yldv,
ntt-data-group,2025,japan,国内事業,,1893893000000,205212000000,営業利益,JPY,JPY,reported,edinet-s100vwr9,
ntt-data-group,2025,overseas,海外事業,,2731390000000,100247000000,営業利益,JPY,JPY,reported,edinet-s100vwr9,
ntt-data-group,2024,japan,国内事業,,1718378000000,186735000000,営業利益,JPY,JPY,reported,edinet-s100vwr9,
ntt-data-group,2024,overseas,海外事業,,2636275000000,115779000000,営業利益,JPY,JPY,reported,edinet-s100vwr9,
scsk,2026,industrial-it,産業IT,,210398000000,29602000000,営業利益,JPY,JPY,reported,edinet-s100yhdd,
scsk,2026,financial-it,金融IT,,67666000000,10225000000,営業利益,JPY,JPY,reported,edinet-s100yhdd,
scsk,2026,it-solution,ITソリューション,,61332000000,2609000000,営業利益,JPY,JPY,reported,edinet-s100yhdd,
scsk,2026,it-platform,ITプラットフォーム,,335253000000,34094000000,営業利益,JPY,JPY,reported,edinet-s100yhdd,
scsk,2026,it-management,ITマネジメント,,76473000000,12873000000,営業利益,JPY,JPY,reported,edinet-s100yhdd,
scsk,2025,industrial-it,産業IT,,199377000000,30159000000,営業利益,JPY,JPY,reported,edinet-s100yhdd,
scsk,2025,financial-it,金融IT,,65046000000,9161000000,営業利益,JPY,JPY,reported,edinet-s100yhdd,
scsk,2025,it-solution,ITソリューション,,56051000000,-1662000000,営業利益,JPY,JPY,reported,edinet-s100yhdd,
scsk,2025,it-platform,ITプラットフォーム,,175738000000,21741000000,営業利益,JPY,JPY,reported,edinet-s100yhdd,
scsk,2025,it-management,ITマネジメント,,71048000000,10256000000,営業利益,JPY,JPY,reported,edinet-s100yhdd,
mercari,2025,japan,Japan Region,,149807000000,34860000000,営業利益,JPY,JPY,reported,edinet-s100wqdw,
mercari,2025,us,US,,36418000000,737000000,営業利益,JPY,JPY,reported,edinet-s100wqdw,
mercari,2024,japan,Japan Region,,138108000000,30649000000,営業利益,JPY,JPY,reported,edinet-s100wqdw,
mercari,2024,us,US,,43653000000,-5293000000,営業利益,JPY,JPY,reported,edinet-s100wqdw,
mercari,2023,japan,Japan Region,,122199000000,34213000000,営業利益,JPY,JPY,reported,edinet-s100ueyz,
mercari,2023,us,US,,44440000000,-8758000000,営業利益,JPY,JPY,reported,edinet-s100ueyz,
cyberagent,2023,internet-advertising,インターネット広告事業,,381206000000,18317000000,営業利益,JPY,JPY,reported,edinet-s100uxza,
cyberagent,2023,game,ゲーム事業,,178618000000,22708000000,営業利益,JPY,JPY,reported,edinet-s100uxza,
cyberagent,2023,investment-development,投資育成事業,,3198000000,1840000000,営業利益,JPY,JPY,reported,edinet-s100uxza,
recruit-holdings,2024,hr-technology,HRテクノロジー事業,,1009421000000,344390000000,EBITDA+S,JPY,JPY,reported,edinet-s100vzg5,
recruit-holdings,2024,staffing,人材派遣事業,,1607694000000,97947000000,EBITDA+S,JPY,JPY,reported,edinet-s100vzg5,
scsk,2024,industrial-it,産業IT,,176332000000,24329000000,営業利益,JPY,JPY,reported,edinet-s100w3bi,
scsk,2024,financial-it,金融IT,,63492000000,7312000000,営業利益,JPY,JPY,reported,edinet-s100w3bi,
scsk,2024,it-solution,ITソリューション,,59854000000,3315000000,営業利益,JPY,JPY,reported,edinet-s100w3bi,
scsk,2024,it-platform,ITプラットフォーム,,88561000000,13363000000,営業利益,JPY,JPY,reported,edinet-s100w3bi,
scsk,2024,it-management,ITマネジメント,,64746000000,9430000000,営業利益,JPY,JPY,reported,edinet-s100w3bi,
softbank,2026,consumer,コンシューマ,,2996054000000,,,JPY,JPY,reported,edinet-s100ye76,
softbank,2026,enterprise,エンタープライズ,,970136000000,,,JPY,JPY,reported,edinet-s100ye76,
softbank,2026,distribution,ディストリビューション,,923551000000,,,JPY,JPY,reported,edinet-s100ye76,
softbank,2026,media-ec,メディア・EC,,1641041000000,,,JPY,JPY,reported,edinet-s100ye76,
softbank,2026,financial,ファイナンス,,379312000000,,,JPY,JPY,reported,edinet-s100ye76,
softbank,2025,consumer,コンシューマ,,2933387000000,,,JPY,JPY,reported,edinet-s100ye76,
softbank,2025,enterprise,エンタープライズ,,888160000000,,,JPY,JPY,reported,edinet-s100ye76,
softbank,2025,distribution,ディストリビューション,,705700000000,,,JPY,JPY,reported,edinet-s100ye76,
softbank,2025,media-ec,メディア・EC,,1602774000000,,,JPY,JPY,reported,edinet-s100ye76,
softbank,2025,financial,ファイナンス,,303059000000,,,JPY,JPY,reported,edinet-s100ye76,
kddi,2026,personal,パーソナル,,4755571000000,,,JPY,JPY,reported,edinet-s100ykg2,
kddi,2026,business,ビジネス,,1292298000000,,,JPY,JPY,reported,edinet-s100ykg2,
kddi,2025,personal,パーソナル,,4646569000000,,,JPY,JPY,reported,edinet-s100ykg2,
kddi,2025,business,ビジネス,,1166700000000,,,JPY,JPY,reported,edinet-s100ykg2,
fujitsu,2026,service-solutions,サービスソリューション,,2314793000000,,,JPY,JPY,reported,edinet-s100ym3k,
fujitsu,2026,hardware-solutions,ハードウェアソリューション,,933329000000,,,JPY,JPY,reported,edinet-s100ym3k,
fujitsu,2026,ubiquitous-solutions,ユビキタスソリューション,,229533000000,,,JPY,JPY,reported,edinet-s100ym3k,
fujitsu,2025,service-solutions,サービスソリューション,,2211483000000,,,JPY,JPY,reported,edinet-s100ym3k,
fujitsu,2025,hardware-solutions,ハードウェアソリューション,,1048735000000,,,JPY,JPY,reported,edinet-s100ym3k,
fujitsu,2025,ubiquitous-solutions,ユビキタスソリューション,,251515000000,,,JPY,JPY,reported,edinet-s100ym3k,
nec,2026,it-services,ITサービス,,2508925000000,,,JPY,JPY,reported,edinet-s100ybfv,
nec,2026,social-infrastructure,社会インフラ,,935302000000,,,JPY,JPY,reported,edinet-s100ybfv,
nec,2025,it-services,ITサービス,,2459820000000,,,JPY,JPY,reported,edinet-s100ybfv,
nec,2025,social-infrastructure,社会インフラ,,832102000000,,,JPY,JPY,reported,edinet-s100ybfv,
hitachi,2026,digital-systems-services,デジタルシステム&サービス,,2756551000000,,,JPY,JPY,reported,edinet-s100ygbo,
hitachi,2026,energy,エナジー,,3200844000000,,,JPY,JPY,reported,edinet-s100ygbo,
hitachi,2026,mobility,モビリティ,,1320631000000,,,JPY,JPY,reported,edinet-s100ygbo,
hitachi,2026,connective-industries,コネクティブインダストリーズ,,3000760000000,,,JPY,JPY,reported,edinet-s100ygbo,
hitachi,2025,digital-systems-services,デジタルシステム&サービス,,2653087000000,,,JPY,JPY,reported,edinet-s100ygbo,
hitachi,2025,energy,エナジー,,2562363000000,,,JPY,JPY,reported,edinet-s100ygbo,
hitachi,2025,mobility,モビリティ,,1169750000000,,,JPY,JPY,reported,edinet-s100ygbo,
hitachi,2025,connective-industries,コネクティブインダストリーズ,,3086306000000,,,JPY,JPY,reported,edinet-s100ygbo,
nri,2026,consulting,コンサルティング,,63556000000,,,JPY,JPY,reported,edinet-s100ybm8,
nri,2026,financial-it-solutions,金融ITソリューション,,399792000000,,,JPY,JPY,reported,edinet-s100ybm8,
nri,2026,industrial-it-solutions,産業ITソリューション,,271241000000,,,JPY,JPY,reported,edinet-s100ybm8,
nri,2026,it-platform-services,IT基盤サービス,,77039000000,,,JPY,JPY,reported,edinet-s100ybm8,
nri,2025,consulting,コンサルティング,,60333000000,,,JPY,JPY,reported,edinet-s100ybm8,
nri,2025,financial-it-solutions,金融ITソリューション,,366605000000,,,JPY,JPY,reported,edinet-s100ybm8,
nri,2025,industrial-it-solutions,産業ITソリューション,,267487000000,,,JPY,JPY,reported,edinet-s100ybm8,
nri,2025,it-platform-services,IT基盤サービス,,67041000000,,,JPY,JPY,reported,edinet-s100ybm8,
tis,2026,offering-services,オファリングサービス,,144593000000,10442000000,セグメント利益,JPY,JPY,reported,edinet-s100yh5c,
tis,2026,bpm,BPM,,42803000000,6397000000,セグメント利益,JPY,JPY,reported,edinet-s100yh5c,
tis,2026,financial-it,金融IT,,96941000000,12729000000,セグメント利益,JPY,JPY,reported,edinet-s100yh5c,
tis,2026,industrial-it,産業IT,,132791000000,22507000000,セグメント利益,JPY,JPY,reported,edinet-s100yh5c,
tis,2026,regional-it-solutions,広域ITソリューション,,176953000000,23328000000,セグメント利益,JPY,JPY,reported,edinet-s100yh5c,
tis,2025,offering-services,オファリングサービス,,131667000000,9937000000,セグメント利益,JPY,JPY,reported,edinet-s100yh5c,
tis,2025,bpm,BPM,,40521000000,5326000000,セグメント利益,JPY,JPY,reported,edinet-s100yh5c,
tis,2025,financial-it,金融IT,,98918000000,12321000000,セグメント利益,JPY,JPY,reported,edinet-s100yh5c,
tis,2025,industrial-it,産業IT,,127634000000,19330000000,セグメント利益,JPY,JPY,reported,edinet-s100yh5c,
tis,2025,regional-it-solutions,広域ITソリューション,,170437000000,21576000000,セグメント利益,JPY,JPY,reported,edinet-s100yh5c,
biprogy,2026,system-services,システムサービス,,140845000000,,,JPY,JPY,reported,edinet-s100yfcp,
biprogy,2026,support-services,サポートサービス,,59942000000,,,JPY,JPY,reported,edinet-s100yfcp,
biprogy,2026,outsourcing,アウトソーシング,,97245000000,,,JPY,JPY,reported,edinet-s100yfcp,
biprogy,2026,software,ソフトウェア,,47444000000,,,JPY,JPY,reported,edinet-s100yfcp,
biprogy,2026,hardware,ハードウェア,,75264000000,,,JPY,JPY,reported,edinet-s100yfcp,
biprogy,2025,system-services,システムサービス,,130433000000,,,JPY,JPY,reported,edinet-s100yfcp,
biprogy,2025,support-services,サポートサービス,,58355000000,,,JPY,JPY,reported,edinet-s100yfcp,
biprogy,2025,outsourcing,アウトソーシング,,90583000000,,,JPY,JPY,reported,edinet-s100yfcp,
biprogy,2025,software,ソフトウェア,,45087000000,,,JPY,JPY,reported,edinet-s100yfcp,
biprogy,2025,hardware,ハードウェア,,67401000000,,,JPY,JPY,reported,edinet-s100yfcp,
fujitsu,2024,service-solutions,サービスソリューション,,2104841000000,,,JPY,JPY,reported,edinet-s100w1ds,
fujitsu,2024,hardware-solutions,ハードウェアソリューション,,1066257000000,,,JPY,JPY,reported,edinet-s100w1ds,
fujitsu,2024,ubiquitous-solutions,ユビキタスソリューション,,269246000000,,,JPY,JPY,reported,edinet-s100w1ds,
nec,2024,it-services,ITサービス,,1913992000000,,,JPY,JPY,reported,edinet-s100vz85,
nec,2024,social-infrastructure,社会インフラ,,1077335000000,,,JPY,JPY,reported,edinet-s100vz85,
nri,2024,consulting,コンサルティング,,51959000000,,,JPY,JPY,reported,edinet-s100vzkl,
nri,2024,financial-it-solutions,金融ITソリューション,,349872000000,,,JPY,JPY,reported,edinet-s100vzkl,
nri,2024,industrial-it-solutions,産業ITソリューション,,275923000000,,,JPY,JPY,reported,edinet-s100vzkl,
nri,2024,it-platform-services,IT基盤サービス,,55628000000,,,JPY,JPY,reported,edinet-s100vzkl,
tis,2024,offering-services,オファリングサービス,,116115000000,7659000000,セグメント利益,JPY,JPY,reported,edinet-s100w24k,
tis,2024,bpm,BPM,,39882000000,4551000000,セグメント利益,JPY,JPY,reported,edinet-s100w24k,
tis,2024,financial-it,金融IT,,104822000000,15185000000,セグメント利益,JPY,JPY,reported,edinet-s100w24k,
tis,2024,industrial-it,産業IT,,121309000000,18287000000,セグメント利益,JPY,JPY,reported,edinet-s100w24k,
tis,2024,regional-it-solutions,広域ITソリューション,,164786000000,18497000000,セグメント利益,JPY,JPY,reported,edinet-s100w24k,
biprogy,2024,system-services,システムサービス,,127039000000,,,JPY,JPY,reported,edinet-s100w2vl,
biprogy,2024,support-services,サポートサービス,,54881000000,,,JPY,JPY,reported,edinet-s100w2vl,
biprogy,2024,outsourcing,アウトソーシング,,76582000000,,,JPY,JPY,reported,edinet-s100w2vl,
biprogy,2024,software,ソフトウェア,,38330000000,,,JPY,JPY,reported,edinet-s100w2vl,
biprogy,2024,hardware,ハードウェア,,60471000000,,,JPY,JPY,reported,edinet-s100w2vl,
kddi,2024,personal,パーソナル,,4675796000000,,,JPY,JPY,reported,edinet-s100tn7r,
kddi,2024,business,ビジネス,,1033486000000,,,JPY,JPY,reported,edinet-s100tn7r,
kddi,2023,personal,パーソナル,,4730138000000,,,JPY,JPY,reported,edinet-s100tn7r,
kddi,2023,business,ビジネス,,899141000000,,,JPY,JPY,reported,edinet-s100tn7r,
ntt,2026,integrated-ict,総合ICT事業,,6146232000000,942062000000,セグメント利益,JPY,JPY,reported,edinet-s100ycp3,
ntt,2026,global-solutions,グローバル・ソリューション事業,,4754653000000,488211000000,セグメント利益,JPY,JPY,reported,edinet-s100ycp3,
ntt,2026,regional-communications,地域通信事業,,2555241000000,307402000000,セグメント利益,JPY,JPY,reported,edinet-s100ycp3,
ntt,2026,other,その他（不動産、エネルギー等）,,952995000000,-1572000000,セグメント利益,JPY,JPY,reported,edinet-s100ycp3,
sakana-ai,2026,research,Research,,,,,,,not_applicable,sakana-ai-corporate,非上場のため売上・利益は非開示
sakana-ai,2026,applied,Applied,,,,,,,not_applicable,sakana-ai-corporate,非上場のため売上・利益は非開示
sakana-ai,2026,product,Product,,,,,,,not_applicable,sakana-ai-corporate,非上場のため売上・利益は非開示
sakana-ai,2026,corporate,Corporate,,,,,,,not_applicable,sakana-ai-corporate,非上場のため売上・利益は非開示
preferred-networks,2026,chips,AI半導体,,,,,,,not_applicable,preferred-networks-corporate,非上場のため売上・利益は非開示
preferred-networks,2026,computing,計算基盤,,,,,,,not_applicable,preferred-networks-corporate,非上場のため売上・利益は非開示
preferred-networks,2026,genai,生成AI基盤モデル,,,,,,,not_applicable,preferred-networks-corporate,非上場のため売上・利益は非開示
preferred-networks,2026,solutions,AIプロダクト・ソリューション,,,,,,,not_applicable,preferred-networks-corporate,非上場のため売上・利益は非開示
fixstars,2026,performance,パフォーマンスエンジニアリング,,,,,,,not_applicable,fixstars-corporate,製品・サービスラインの記述。財務上の報告セグメントは有価証券報告書を参照
fixstars,2026,ai-products,AIプロダクト,,,,,,,not_applicable,fixstars-corporate,製品・サービスラインの記述。財務上の報告セグメントは有価証券報告書を参照
fixstars,2026,quantum,量子コンピューティング,,,,,,,not_applicable,fixstars-corporate,製品・サービスラインの記述。財務上の報告セグメントは有価証券報告書を参照
fixstars,2026,fpga-flash,FPGA・フラッシュメモリ,,,,,,,not_applicable,fixstars-corporate,製品・サービスラインの記述。財務上の報告セグメントは有価証券報告書を参照
recruit-holdings,2024,marketing-matching-technologies,マーケティング・マッチング・テクノロジー事業,,797032000000,163665000000,EBITDA+S,JPY,JPY,reported,edinet-s100vzg5,
