source_id,source_type,title,url,document_id,published_at,retrieved_at,issuer
edinet-s100ydhl,statutory_filing,有価証券報告書－第66期(2025/04/01－2026/03/31),https://api.edinet-fsa.go.jp/api/v2/documents/S100YDHL,S100YDHL,2026-06-19,2026-08-05,株式会社リクルートホールディングス
edinet-s100ybxd,statutory_filing,有価証券報告書－第31期(2025/04/01－2026/03/31),https://api.edinet-fsa.go.jp/api/v2/documents/S100YBXD,S100YBXD,2026-06-18,2026-08-05,ＬＩＮＥヤフー株式会社
edinet-s100tm4a,statutory_filing,有価証券報告書－第29期(2023/04/01－2024/03/31),https://api.edinet-fsa.go.jp/api/v2/documents/S100TM4A,S100TM4A,2024-06-17,2026-07-31,ＬＩＮＥヤフー株式会社
edinet-s100wqdw,statutory_filing,有価証券報告書－第13期(2024/07/01－2025/06/30),https://api.edinet-fsa.go.jp/api/v2/documents/S100WQDW,S100WQDW,2025-09-24,2026-08-05,株式会社メルカリ
edinet-s100xcu9,statutory_filing,有価証券報告書－第28期(2024/10/01－2025/09/30),https://api.edinet-fsa.go.jp/api/v2/documents/S100XCU9,S100XCU9,2025-12-24,2026-08-05,株式会社サイバーエージェント
edinet-s100yldv,statutory_filing,有価証券報告書－第28期(2025/04/01－2026/03/31),https://api.edinet-fsa.go.jp/api/v2/documents/S100YLDV,S100YLDV,2026-06-26,2026-08-05,株式会社ディー・エヌ・エー
edinet-s100vwr9,statutory_filing,有価証券報告書－第37期(2024/04/01－2025/03/31),https://api.edinet-fsa.go.jp/api/v2/documents/S100VWR9,S100VWR9,2025-06-20,2026-07-31,株式会社ＮＴＴデータグループ
edinet-s100yhdd,statutory_filing,有価証券報告書－第58期(2025/04/01－2026/03/31),https://api.edinet-fsa.go.jp/api/v2/documents/S100YHDD,S100YHDD,2026-06-23,2026-07-31,ＳＣＳＫ株式会社
edinet-s100ueyz,statutory_filing,有価証券報告書－第12期(2023/07/01－2024/06/30),https://api.edinet-fsa.go.jp/api/v2/documents/S100UEYZ,S100UEYZ,2024-09-25,2026-07-31,株式会社メルカリ
edinet-s100uxza,statutory_filing,有価証券報告書－第27期(2023/10/01－2024/09/30),https://api.edinet-fsa.go.jp/api/v2/documents/S100UXZA,S100UXZA,2024-12-13,2026-08-05,株式会社サイバーエージェント
edinet-s100vzg5,statutory_filing,有価証券報告書－第65期(2024/04/01－2025/03/31),https://api.edinet-fsa.go.jp/api/v2/documents/S100VZG5,S100VZG5,2025-06-23,2026-08-05,株式会社リクルートホールディングス
edinet-s100w3bi,statutory_filing,有価証券報告書－第57期(2024/04/01－2025/03/31),https://api.edinet-fsa.go.jp/api/v2/documents/S100W3BI,S100W3BI,2025-06-24,2026-07-31,ＳＣＳＫ株式会社
edinet-s100ycp3,statutory_filing,有価証券報告書－第41期(2025/04/01－2026/03/31),https://api.edinet-fsa.go.jp/api/v2/documents/S100YCP3,S100YCP3,2026-06-16,2026-07-31,ＮＴＴ株式会社
edinet-s100ye76,statutory_filing,有価証券報告書－第40期(2025/04/01－2026/03/31),https://api.edinet-fsa.go.jp/api/v2/documents/S100YE76,S100YE76,2026-06-19,2026-07-31,ソフトバンク株式会社
edinet-s100ykg2,statutory_filing,有価証券報告書－第42期(2025/04/01－2026/03/31),https://api.edinet-fsa.go.jp/api/v2/documents/S100YKG2,S100YKG2,2026-06-25,2026-07-31,ＫＤＤＩ株式会社
edinet-s100ym3k,statutory_filing,有価証券報告書－第126期(2025/04/01－2026/03/31),https://api.edinet-fsa.go.jp/api/v2/documents/S100YM3K,S100YM3K,2026-06-26,2026-07-31,富士通株式会社
edinet-s100ybfv,statutory_filing,有価証券報告書－第188期(2025/04/01－2026/03/31),https://api.edinet-fsa.go.jp/api/v2/documents/S100YBFV,S100YBFV,2026-06-18,2026-07-31,日本電気株式会社
edinet-s100ygbo,statutory_filing,有価証券報告書－第157期(2025/04/01－2026/03/31),https://api.edinet-fsa.go.jp/api/v2/documents/S100YGBO,S100YGBO,2026-06-22,2026-07-31,株式会社日立製作所
edinet-s100ybm8,statutory_filing,有価証券報告書－第61期(2025/04/01－2026/03/31),https://api.edinet-fsa.go.jp/api/v2/documents/S100YBM8,S100YBM8,2026-06-15,2026-07-31,株式会社野村総合研究所
edinet-s100yh5c,statutory_filing,有価証券報告書－第18期(2025/04/01－2026/03/31),https://api.edinet-fsa.go.jp/api/v2/documents/S100YH5C,S100YH5C,2026-06-22,2026-07-31,ＴＩＳ株式会社
edinet-s100yfcp,statutory_filing,有価証券報告書－第82期(2025/04/01－2026/03/31),https://api.edinet-fsa.go.jp/api/v2/documents/S100YFCP,S100YFCP,2026-06-22,2026-07-31,ＢＩＰＲＯＧＹ株式会社
edinet-s100w1fl,statutory_filing,有価証券報告書－第40期(2024/04/01－2025/03/31),https://api.edinet-fsa.go.jp/api/v2/documents/S100W1FL,S100W1FL,2025-06-20,2026-07-31,日本電信電話株式会社
edinet-s100w1ds,statutory_filing,有価証券報告書－第125期(2024/04/01－2025/03/31),https://api.edinet-fsa.go.jp/api/v2/documents/S100W1DS,S100W1DS,2025-06-20,2026-07-31,富士通株式会社
edinet-s100vz85,statutory_filing,有価証券報告書－第187期(2024/04/01－2025/03/31),https://api.edinet-fsa.go.jp/api/v2/documents/S100VZ85,S100VZ85,2025-06-19,2026-07-31,日本電気株式会社
edinet-s100vzkl,statutory_filing,有価証券報告書－第60期(2024/04/01－2025/03/31),https://api.edinet-fsa.go.jp/api/v2/documents/S100VZKL,S100VZKL,2025-06-18,2026-07-31,株式会社野村総合研究所
edinet-s100w24k,statutory_filing,有価証券報告書－第17期(2024/04/01－2025/03/31),https://api.edinet-fsa.go.jp/api/v2/documents/S100W24K,S100W24K,2025-06-23,2026-07-31,ＴＩＳ株式会社
edinet-s100w2vl,statutory_filing,有価証券報告書－第81期(2024/04/01－2025/03/31),https://api.edinet-fsa.go.jp/api/v2/documents/S100W2VL,S100W2VL,2025-06-24,2026-07-31,ＢＩＰＲＯＧＹ株式会社
edinet-s100tn7r,statutory_filing,有価証券報告書－第40期(2023/04/01－2024/03/31),https://api.edinet-fsa.go.jp/api/v2/documents/S100TN7R,S100TN7R,2024-06-20,2026-07-31,ＫＤＤＩ株式会社
sakana-ai-corporate,corporate,Sakana AI 企業情報・採用情報,https://sakana.ai/company-info/,,,2026-07-31,Sakana AI株式会社
preferred-networks-corporate,corporate,Preferred Networks 企業情報・採用情報,https://www.preferred.jp/ja/company/,,,2026-07-31,株式会社Preferred Networks
fixstars-corporate,corporate,フィックスターズ 会社概要・新卒採用,https://www.fixstars.com/ja/company/overview,,,2026-07-31,株式会社フィックスターズ
sakana-ai-series-b,financial_report,Sakana AI Series B 資金調達発表（累計約660億円）,https://sakana.ai/series-b/,,2025-11-17,2026-07-31,Sakana AI株式会社
sakana-ai-applied-careers,recruitment,Sakana AI Applied Team 採用情報,https://sakana.ai/applied-careers/,,,2026-07-31,Sakana AI株式会社
edinet-s100xsg3,statutory_filing,有価証券報告書－第35期(2025/01/01－2025/12/31),https://api.edinet-fsa.go.jp/api/v2/documents/S100XSG3,S100XSG3,2026-03-23,2026-08-05,ＧＭＯインターネットグループ株式会社
edinet-s100wqwx,statutory_filing,有価証券報告書－第21期(2024/07/01－2025/06/30),https://api.edinet-fsa.go.jp/api/v2/documents/S100WQWX,S100WQWX,2025-09-26,2026-08-02,グリーホールディングス株式会社
edinet-s100ye1d,statutory_filing,有価証券報告書－第27期(2025/04/01－2026/03/31),https://api.edinet-fsa.go.jp/api/v2/documents/S100YE1D,S100YE1D,2026-06-19,2026-08-05,株式会社ＭＩＸＩ
edinet-s100ybgn,statutory_filing,有価証券報告書－第29期(2025/04/01－2026/03/31),https://api.edinet-fsa.go.jp/api/v2/documents/S100YBGN,S100YBGN,2026-06-17,2026-08-02,株式会社カカクコム
edinet-s100ygbs,statutory_filing,有価証券報告書－第59期(2025/04/01－2026/03/31),https://api.edinet-fsa.go.jp/api/v2/documents/S100YGBS,S100YGBS,2026-06-23,2026-07-31,株式会社オービック
edinet-s100y9nx,statutory_filing,有価証券報告書－第86期(2025/04/01－2026/03/31),https://api.edinet-fsa.go.jp/api/v2/documents/S100Y9NX,S100Y9NX,2026-06-25,2026-08-01,任天堂株式会社
edinet-s100yhl0,statutory_filing,有価証券報告書－第75期(2025/04/01－2026/03/31),https://api.edinet-fsa.go.jp/api/v2/documents/S100YHL0,S100YHL0,2026-06-24,2026-08-01,株式会社タカラトミー
edinet-s100ybxe,statutory_filing,有価証券報告書－第21期(2025/04/01－2026/03/31),https://api.edinet-fsa.go.jp/api/v2/documents/S100YBXE,S100YBXE,2026-06-16,2026-08-01,株式会社バンダイナムコホールディングス
edinet-s100ycgo,statutory_filing,有価証券報告書－第47期(2025/04/01－2026/03/31),https://api.edinet-fsa.go.jp/api/v2/documents/S100YCGO,S100YCGO,2026-06-16,2026-08-01,株式会社カプコン
edinet-s100ykx5,statutory_filing,有価証券報告書－第54期(2025/04/01－2026/03/31),https://api.edinet-fsa.go.jp/api/v2/documents/S100YKX5,S100YKX5,2026-06-26,2026-08-01,コナミグループ株式会社
edinet-s100yhj4,statutory_filing,有価証券報告書－第46期(2025/04/01－2026/03/31),https://api.edinet-fsa.go.jp/api/v2/documents/S100YHJ4,S100YHJ4,2026-06-23,2026-08-01,株式会社スクウェア・エニックス・ホールディングス
edinet-s100yd3k,statutory_filing,有価証券報告書－第22期(2025/04/01－2026/03/31),https://api.edinet-fsa.go.jp/api/v2/documents/S100YD3K,S100YD3K,2026-06-17,2026-08-01,セガサミーホールディングス株式会社
edinet-s100yees,statutory_filing,有価証券報告書－第17期(2025/04/01－2026/03/31),https://api.edinet-fsa.go.jp/api/v2/documents/S100YEES,S100YEES,2026-06-19,2026-08-01,株式会社コーエーテクモホールディングス
edinet-s100vwnu,statutory_filing,有価証券報告書－第56期(2024/03/21－2025/03/20),https://api.edinet-fsa.go.jp/api/v2/documents/S100VWNU,S100VWNU,2025-06-16,2026-08-01,株式会社キーエンス
edinet-s100w19q,statutory_filing,有価証券報告書－第108期(2024/04/01－2025/03/31),https://api.edinet-fsa.go.jp/api/v2/documents/S100W19Q,S100W19Q,2025-06-20,2026-08-01,ソニーグループ株式会社
edinet-s100w0f3,statutory_filing,有価証券報告書－第118期(2024/04/01－2025/03/31),https://api.edinet-fsa.go.jp/api/v2/documents/S100W0F3,S100W0F3,2025-06-20,2026-08-01,パナソニックホールディングス株式会社
edinet-s100vwvy,statutory_filing,有価証券報告書－第121期(2024/04/01－2025/03/31),https://api.edinet-fsa.go.jp/api/v2/documents/S100VWVY,S100VWVY,2025-06-18,2026-08-01,トヨタ自動車株式会社
edinet-s100w2w6,statutory_filing,有価証券報告書－第67期(2024/04/01－2025/03/31),https://api.edinet-fsa.go.jp/api/v2/documents/S100W2W6,S100W2W6,2025-06-25,2026-08-01,ローム株式会社
edinet-s100w0k6,statutory_filing,有価証券報告書－第102期(2024/04/01－2025/03/31),https://api.edinet-fsa.go.jp/api/v2/documents/S100W0K6,S100W0K6,2025-06-20,2026-08-01,株式会社東京精密
edinet-s100vzw3,statutory_filing,有価証券報告書－第84期(2024/04/01－2025/03/31),https://api.edinet-fsa.go.jp/api/v2/documents/S100VZW3,S100VZW3,2025-06-19,2026-08-01,株式会社ＳＣＲＥＥＮホールディングス
edinet-s100vfr6,statutory_filing,有価証券報告書－第23期(2024/01/01－2024/12/31),https://api.edinet-fsa.go.jp/api/v2/documents/S100VFR6,S100VFR6,2025-03-26,2026-08-01,ルネサスエレクトロニクス株式会社
edinet-s100w440,statutory_filing,有価証券報告書－第7期(2024/04/01－2025/03/31),https://api.edinet-fsa.go.jp/api/v2/documents/S100W440,S100W440,2025-06-26,2026-08-01,キオクシアホールディングス株式会社
edinet-s100w3ip,statutory_filing,有価証券報告書－第84期(2024/04/01－2025/03/31),https://api.edinet-fsa.go.jp/api/v2/documents/S100W3IP,S100W3IP,2025-06-24,2026-08-01,太陽誘電株式会社
edinet-s100vx9r,statutory_filing,有価証券報告書－第62期(2024/04/01－2025/03/31),https://api.edinet-fsa.go.jp/api/v2/documents/S100VX9R,S100VX9R,2025-06-16,2026-08-01,東京エレクトロン株式会社
edinet-s100w4e8,statutory_filing,有価証券報告書－第83期(2024/04/01－2025/03/31),https://api.edinet-fsa.go.jp/api/v2/documents/S100W4E8,S100W4E8,2025-06-25,2026-08-01,株式会社アドバンテスト
edinet-s100w0jy,statutory_filing,有価証券報告書－第86期(2024/04/01－2025/03/31),https://api.edinet-fsa.go.jp/api/v2/documents/S100W0JY,S100W0JY,2025-06-24,2026-08-01,株式会社ディスコ
edinet-s100w0rg,statutory_filing,有価証券報告書－第148期(2024/04/01－2025/03/31),https://api.edinet-fsa.go.jp/api/v2/documents/S100W0RG,S100W0RG,2025-06-20,2026-08-01,信越化学工業株式会社
edinet-s100w3ql,statutory_filing,有価証券報告書－第82期(2024/04/01－2025/03/31),https://api.edinet-fsa.go.jp/api/v2/documents/S100W3QL,S100W3QL,2025-06-26,2026-08-01,ステラケミファ株式会社
edinet-s100vfya,statutory_filing,有価証券報告書－第26期(2024/01/01－2024/12/31),https://api.edinet-fsa.go.jp/api/v2/documents/S100VFYA,S100VFYA,2025-03-27,2026-08-01,株式会社ＳＵＭＣＯ
edinet-s100vha9,statutory_filing,有価証券報告書－第116期(2024/01/01－2024/12/31),https://api.edinet-fsa.go.jp/api/v2/documents/S100VHA9,S100VHA9,2025-03-26,2026-08-01,株式会社レゾナック・ホールディングス
edinet-s100vi0l,statutory_filing,有価証券報告書－第100期(2024/01/01－2024/12/31),https://api.edinet-fsa.go.jp/api/v2/documents/S100VI0L,S100VI0L,2025-03-28,2026-08-01,ＡＧＣ株式会社
edinet-s100wq7f,statutory_filing,有価証券報告書－第63期(2024/07/01－2025/06/30),https://api.edinet-fsa.go.jp/api/v2/documents/S100WQ7F,S100WQ7F,2025-09-25,2026-08-01,レーザーテック株式会社
edinet-s100tr2t,statutory_filing,有価証券報告書－第25期(2023/04/01－2024/03/31),https://api.edinet-fsa.go.jp/api/v2/documents/S100TR2T,S100TR2T,2024-06-27,2026-08-02,株式会社ＭＩＸＩ
edinet-s100w37z,statutory_filing,有価証券報告書－第26期(2024/04/01－2025/03/31),https://api.edinet-fsa.go.jp/api/v2/documents/S100W37Z,S100W37Z,2025-06-27,2026-08-02,株式会社ＭＩＸＩ
edinet-s100rx1f,statutory_filing,有価証券報告書－第19期(2022/07/01－2023/06/30),https://api.edinet-fsa.go.jp/api/v2/documents/S100RX1F,S100RX1F,2023-09-28,2026-08-02,グリー株式会社
edinet-s100ufy3,statutory_filing,有価証券報告書－第20期(2023/07/01－2024/06/30),https://api.edinet-fsa.go.jp/api/v2/documents/S100UFY3,S100UFY3,2024-09-30,2026-08-02,グリー株式会社
edinet-s100ydd9,statutory_filing,有価証券報告書－第102期(2025/04/01－2026/03/31),https://api.edinet-fsa.go.jp/api/v2/documents/S100YDD9,S100YDD9,2026-06-18,2026-08-02,本田技研工業株式会社
edinet-s100yh2b,statutory_filing,有価証券報告書－第127期(2025/04/01－2026/03/31),https://api.edinet-fsa.go.jp/api/v2/documents/S100YH2B,S100YH2B,2026-06-22,2026-08-02,日産自動車株式会社
edinet-s100yfkz,statutory_filing,有価証券報告書－第95期(2025/04/01－2026/03/31),https://api.edinet-fsa.go.jp/api/v2/documents/S100YFKZ,S100YFKZ,2026-06-22,2026-08-02,株式会社ＳＵＢＡＲＵ
edinet-s100ycmc,statutory_filing,有価証券報告書,https://api.edinet-fsa.go.jp/api/v2/documents/S100YCMC,S100YCMC,2026-06-16,2026-08-02,三菱自動車工業株式会社
edinet-s100yfbq,statutory_filing,有価証券報告書－第124期(2025/04/01－2026/03/31),https://api.edinet-fsa.go.jp/api/v2/documents/S100YFBQ,S100YFBQ,2026-06-23,2026-08-02,いすゞ自動車株式会社
edinet-s100xrth,statutory_filing,有価証券報告書－第91期(2025/01/01－2025/12/31),https://api.edinet-fsa.go.jp/api/v2/documents/S100XRTH,S100XRTH,2026-03-23,2026-08-02,ヤマハ発動機株式会社
edinet-s100vze0,statutory_filing,有価証券報告書－第27期(2024/04/01－2025/03/31),https://api.edinet-fsa.go.jp/api/v2/documents/S100VZE0,S100VZE0,2025-06-20,2026-08-05,株式会社ディー・エヌ・エー
edinet-s100vyj6,statutory_filing,有価証券報告書－第28期(2024/04/01－2025/03/31),https://api.edinet-fsa.go.jp/api/v2/documents/S100VYJ6,S100VYJ6,2025-06-19,2026-08-02,株式会社カカクコム
mazda-official-financial-data-2026,financial_report,主要財務・業績情報（2022年3月期から2026年3月期）,https://www.mazda.com/content/dam/mazda/corporate/mazda-com/ja/pdf/investors/financial/data/FY160_all_data_download.pdf,FY160_all_data_download,2026-05-21,2026-08-02,マツダ株式会社
mazda-official-securities-2025,statutory_filing,有価証券報告書－第159期(2024/04/01－2025/03/31),https://contents.xj-storage.jp/xcontents/AS07797a/409f4bfc/2e2c/4da0/9c8d/b4c209b708ea/20251128185026715s.pdf,2025-3-securities-report,2025-06-24,2026-08-02,マツダ株式会社
mazda-official-securities-2026,statutory_filing,有価証券報告書－第160期(2025/04/01－2026/03/31),https://contents.xj-storage.jp/xcontents/AS07797a/5b841ae0/1d80/49dc/90d9/cea1b6880b35/S100YDZ1.pdf,S100YDZ1,2026-06-23,2026-08-02,マツダ株式会社
suzuki-official-securities-2024,statutory_filing,有価証券報告書－第158期(2023/04/01－2024/03/31),https://www.suzuki.co.jp/ir/library/valuablesecurities/pdf/2024_3.pdf,2024_3.pdf,2024-06-27,2026-08-02,スズキ株式会社
suzuki-official-securities-2025,statutory_filing,有価証券報告書－第159期(2024/04/01－2025/03/31),https://www.suzuki.co.jp/ir/library/valuablesecurities/pdf/2025_3.pdf,2025_3.pdf,2025-06-27,2026-08-02,スズキ株式会社
suzuki-official-securities-2026,statutory_filing,有価証券報告書－第160期(2025/04/01－2026/03/31),https://www.suzuki.co.jp/ir/library/valuablesecurities/pdf/2026_3.pdf,2026_3.pdf,2026-06-23,2026-08-02,スズキ株式会社
hino-official-securities-2023,statutory_filing,有価証券報告書－第111期(2022/04/01－2023/03/31),https://www.hino.co.jp/corp/for_investors/financial_statements/assets/5b7c81d50daebaedaacf9915c4f4b1a2.pdf,2023-3-securities-report,2023-06-27,2026-08-02,日野自動車株式会社
hino-official-securities-2024,statutory_filing,有価証券報告書－第112期(2023/04/01－2024/03/31),https://www.hino.co.jp/corp/for_investors/financial_statements/assets/bdd7327cbf1ebf95eeafd079c01811c9.pdf,2024-3-securities-report,2024-06-26,2026-08-02,日野自動車株式会社
hino-official-securities-2025,statutory_filing,有価証券報告書－第113期(2024/04/01－2025/03/31),https://www.hino.co.jp/corp/for_investors/financial_statements/assets/5350a2c1863b01ca04bd67872054f91b.pdf,2025-3-securities-report,2025-06-24,2026-08-02,日野自動車株式会社
edinet-s100xaqj,statutory_filing,有価証券報告書－第24期(2024/10/01－2025/09/30),https://api.edinet-fsa.go.jp/api/v2/documents/S100XAQJ,S100XAQJ,2025-12-16,2026-08-02,株式会社フィックスターズ
edinet-s100uysb,statutory_filing,有価証券報告書－第23期(2023/10/01－2024/09/30),https://api.edinet-fsa.go.jp/api/v2/documents/S100UYSB,S100UYSB,2024-12-18,2026-08-02,株式会社フィックスターズ
edinet-s100si1e,statutory_filing,有価証券報告書－第22期(2022/10/01－2023/09/30),https://api.edinet-fsa.go.jp/api/v2/documents/S100SI1E,S100SI1E,2023-12-20,2026-08-02,株式会社フィックスターズ
edinet-s100yhzg,statutory_filing,有価証券報告書,https://api.edinet-fsa.go.jp/api/v2/documents/S100YHZG,S100YHZG,2026-06-24,2026-08-02,三菱重工業株式会社
sec-0001018724-26-000004,statutory_filing,Form 10-K annual report,https://www.sec.gov/Archives/edgar/data/1018724/000101872426000004/0001018724-26-000004-index.html,0001018724-26-000004,2026-02-06,2026-08-02,AMAZON COM INC
edinet-s100y99z,statutory_filing,有価証券報告書－第203期(2025/04/01－2026/03/31),https://api.edinet-fsa.go.jp/api/v2/documents/S100Y99Z,S100Y99Z,2026-06-19,2026-08-02,川崎重工業株式会社
edinet-s100yent,statutory_filing,有価証券報告書－第209期(2025/04/01－2026/03/31),https://api.edinet-fsa.go.jp/api/v2/documents/S100YENT,S100YENT,2026-06-22,2026-08-02,株式会社ＩＨＩ
edinet-s100xt1r,statutory_filing,有価証券報告書－第130期(2025/01/01－2025/12/31),https://api.edinet-fsa.go.jp/api/v2/documents/S100XT1R,S100XT1R,2026-03-26,2026-08-02,住友重機械工業株式会社
edinet-s100ykio,statutory_filing,有価証券報告書－第123期(2025/04/01－2026/03/31),https://api.edinet-fsa.go.jp/api/v2/documents/S100YKIO,S100YKIO,2026-06-25,2026-08-02,株式会社三井Ｅ＆Ｓ
edinet-s100ygor,statutory_filing,有価証券報告書－第129期(2025/04/01－2026/03/31),https://api.edinet-fsa.go.jp/api/v2/documents/S100YGOR,S100YGOR,2026-06-22,2026-08-02,カナデビア株式会社
edinet-s100xr06,statutory_filing,有価証券報告書－第24期(2025/01/01－2025/12/31),https://api.edinet-fsa.go.jp/api/v2/documents/S100XR06,S100XR06,2026-03-19,2026-08-02,ルネサスエレクトロニクス株式会社
edinet-s100yf41,statutory_filing,有価証券報告書－第68期(2025/04/01－2026/03/31),https://api.edinet-fsa.go.jp/api/v2/documents/S100YF41,S100YF41,2026-06-19,2026-08-05,ローム株式会社
edinet-s100yeop,statutory_filing,有価証券報告書－第103期(2025/04/01－2026/03/31),https://api.edinet-fsa.go.jp/api/v2/documents/S100YEOP,S100YEOP,2026-06-19,2026-08-02,株式会社東京精密
edinet-s100yk9n,statutory_filing,有価証券報告書－第85期(2025/04/01－2026/03/31),https://api.edinet-fsa.go.jp/api/v2/documents/S100YK9N,S100YK9N,2026-06-25,2026-08-02,株式会社ＳＣＲＥＥＮホールディングス
edinet-s100yj18,statutory_filing,有価証券報告書－第8期(2025/04/01－2026/03/31),https://api.edinet-fsa.go.jp/api/v2/documents/S100YJ18,S100YJ18,2026-06-24,2026-08-02,キオクシアホールディングス株式会社
edinet-s100yhu5,statutory_filing,有価証券報告書－第85期(2025/04/01－2026/03/31),https://api.edinet-fsa.go.jp/api/v2/documents/S100YHU5,S100YHU5,2026-06-23,2026-08-02,太陽誘電株式会社
tokyo-electron-official-securities-library,financial_report,有価証券報告書等（公式IR資料室）,https://www.tel.co.jp/ir/library/fs/index.html,,2026-06-19,2026-08-02,東京エレクトロン株式会社
advantest-official-securities-library,financial_report,有価証券報告書等（公式IRライブラリ）,https://www.advantest.com/ja/investors/ir-library/report/,,2026-08-02,2026-08-02,株式会社アドバンテスト
disco-official-ir-library,financial_report,IR資料室（公式IR）,https://www.disco.co.jp/ir/,,2026-08-02,2026-08-02,株式会社ディスコ
lasertec-official-securities-library,financial_report,有価証券報告書等（公式IR資料室）,https://www.lasertec.co.jp/ir/data/securities.html,,2026-08-02,2026-08-02,レーザーテック株式会社
shin-etsu-official-annual-reports,financial_report,統合報告書・アニュアルレポート（公式IR資料室）,https://www.shinetsu.co.jp/jp/ir/ir-data/ir-annual/,,2026-07-01,2026-08-02,信越化学工業株式会社
sumco-official-securities-library,financial_report,有価証券報告書（公式IRライブラリ）,https://www.sumcosi.com/ir/library/secreports.html,,2026-08-02,2026-08-02,株式会社ＳＵＭＣＯ
resonac-official-securities-library,financial_report,有価証券報告書（公式IRライブラリ）,https://www.resonac.com/jp/ir/library/financial.html,,2026-03-25,2026-08-02,株式会社レゾナック・ホールディングス
agc-official-securities-library,financial_report,有価証券報告書（公式IRライブラリ）,https://www.agc.com/ir/library/yu_report/index.html,,2026-03-27,2026-08-02,ＡＧＣ株式会社
stella-chemifa-official-securities-library,financial_report,有価証券報告書（公式IRライブラリ）,https://www.stella-chemifa.co.jp/ir/securities/,,2026-06-26,2026-08-02,ステラケミファ株式会社
edinet-s100yc72,statutory_filing,有価証券報告書－第160期(2025/04/01－2026/03/31),https://api.edinet-fsa.go.jp/api/v2/documents/S100YC72,S100YC72,2026-06-16,2026-08-05,ＴＯＴＯ株式会社
edinet-s100yf47,statutory_filing,有価証券報告書－第72期(2025/04/01－2026/03/31),https://api.edinet-fsa.go.jp/api/v2/documents/S100YF47,S100YF47,2026-06-19,2026-08-05,京セラ株式会社
toshiba-financial-2025,financial_report,2025年度決算,https://www.global.toshiba/content/dam/toshiba/jp/ir/corporate/finance/pdf/tpr2025q4.pdf,,2026-05-15,2026-08-05,株式会社東芝
toshiba-financial-2024,financial_report,2024年度決算,https://www.global.toshiba/content/dam/toshiba/jp/ir/corporate/finance/pdf/tpr2024q4.pdf,,2025-05-15,2026-08-05,株式会社東芝
toshiba-financial-2023,financial_report,2023年度連結決算,https://www.global.toshiba/content/dam/toshiba/jp/ir/corporate/finance/pdf/tpr2023q4.pdf,,2024-05-16,2026-08-05,株式会社東芝
toshiba-corporate-profile,corporate,基本データ,https://www.global.toshiba/jp/outline/corporate/profile.html,,,2026-08-05,株式会社東芝
edinet-s100rx8v,statutory_filing,有価証券報告書－第11期(2022/07/01－2023/06/30),https://api.edinet-fsa.go.jp/api/v2/documents/S100RX8V,S100RX8V,2023-09-28,2026-08-05,株式会社メルカリ
edinet-s100tnm6,statutory_filing,有価証券報告書－第64期(2023/04/01－2024/03/31),https://api.edinet-fsa.go.jp/api/v2/documents/S100TNM6,S100TNM6,2024-06-21,2026-08-05,株式会社リクルートホールディングス
edinet-s100sfq1,statutory_filing,有価証券報告書－第26期(2022/10/01－2023/09/30),https://api.edinet-fsa.go.jp/api/v2/documents/S100SFQ1,S100SFQ1,2023-12-08,2026-08-05,株式会社サイバーエージェント
renesas-electronics-official-securities-2025,statutory_filing,第24期 有価証券報告書,https://www.renesas.com/ja/document/rep/annual-securities-report-2025,2025-annual-securities-report-ja,2026-03-19,2026-08-05,ルネサスエレクトロニクス株式会社
edinet-s100tq8o,statutory_filing,有価証券報告書－第26期(2023/04/01－2024/03/31),https://api.edinet-fsa.go.jp/api/v2/documents/S100TQ8O,S100TQ8O,2024-06-24,2026-08-05,株式会社ディー・エヌ・エー
edinet-s100vg8d,statutory_filing,有価証券報告書－第34期(2024/01/01－2024/12/31),https://api.edinet-fsa.go.jp/api/v2/documents/S100VG8D,S100VG8D,2025-03-24,2026-08-05,ＧＭＯインターネットグループ株式会社
edinet-s100t3h4,statutory_filing,有価証券報告書－第33期(2023/01/01－2023/12/31),https://api.edinet-fsa.go.jp/api/v2/documents/S100T3H4,S100T3H4,2024-03-22,2026-08-05,ＧＭＯインターネットグループ株式会社
nri-recruit-2027,recruitment,NRI 2027年度新卒採用 募集要項（総合職・エリア総合職）,https://working.nri.co.jp/recruit/2027/contents/recruiting/application.html,,,2026-08-05,株式会社野村総合研究所
mixi-recruit-corporate,recruitment,MIXI GROUP採用サイト,https://mixigroup-recruit.mixi.co.jp/,,,2026-08-05,株式会社ＭＩＸＩ
mixi-recruit-fresh-faq,recruitment,採用FAQ（新卒）,https://mixigroup-recruit.mixi.co.jp/faq/?anchor=fresh,,,2026-08-05,株式会社ＭＩＸＩ
mixi-recruit-job-housi-27,recruitment,新卒採用 法務スペシャリスト（27卒）募集要項,https://mixigroup-recruit.mixi.co.jp/recruitment-category/13815/,,,2026-08-05,株式会社ＭＩＸＩ
mixi-official-corporate-about,corporate,MIXIについて（企業理念・パーパス・ミッション）,https://mixi.co.jp/about/,,,2026-08-05,株式会社ＭＩＸＩ
mixi-official-ir-securities,financial_report,有価証券報告書等（公式IR）,https://mixi.co.jp/ir/docs/security_reports/,,,2026-08-05,株式会社ＭＩＸＩ
dmm-official-corporate-profile-2026,financial_report,会社紹介資料 DMM CORPORATE PROFILE v7.4（プレスキット掲載、2026年2月期実績）,https://image.dmm-corp.com/gmz0efytw757m0vlm76cnp7yl56a,dmm_corporate_profile v7.4.pdf,2026-05-29,2026-08-05,合同会社DMM.com
dmm-official-company-about,corporate,会社概要（合同会社DMM.com）｜企業情報｜DMM Group,https://dmm-corp.com/company/about/,,,2026-08-05,合同会社DMM.com
edinet-s100xtnw,statutory_filing,有価証券報告書－第29期(2025/01/01－2025/12/31),https://api.edinet-fsa.go.jp/api/v2/documents/S100XTNW,S100XTNW,2026-03-26,2026-08-05,楽天グループ株式会社
edinet-s100vhz5,statutory_filing,有価証券報告書－第28期(2024/01/01－2024/12/31),https://api.edinet-fsa.go.jp/api/v2/documents/S100VHZ5,S100VHZ5,2025-03-28,2026-08-05,楽天グループ株式会社
edinet-s100t4x3,statutory_filing,有価証券報告書－第27期(2023/01/01－2023/12/31),https://api.edinet-fsa.go.jp/api/v2/documents/S100T4X3,S100T4X3,2024-03-28,2026-08-05,楽天グループ株式会社
dena-official-corporate-policy,corporate,ミッション・ビジョン・バリュー,https://dena.com/jp/company/policy/,,,2026-08-05,株式会社ディー・エヌ・エー
dena-official-corporate-overview,corporate,会社概要,https://dena.com/jp/company/overview.html,,,2026-08-05,株式会社ディー・エヌ・エー
dena-official-services,corporate,事業一覧,https://dena.com/jp/services/,,,2026-08-05,株式会社ディー・エヌ・エー
dena-official-ir-library,financial_report,有価証券報告書等（公式IR）,https://dena.com/jp/ir/library/report.html,,,2026-08-05,株式会社ディー・エヌ・エー
dena-recruit-fresh,recruitment,新卒採用 募集要項（2027年4月・2028年4月入社）,https://student.dena.com/recruit/,,,2026-08-05,株式会社ディー・エヌ・エー
dena-recruit-aispecialist,recruitment,新卒採用 AIスペシャリスト職 募集要項,https://student.dena.com/aispecialist/description/,,,2026-08-05,株式会社ディー・エヌ・エー
dena-recruit-aigeneralist,recruitment,新卒採用 AIジェネラリストコース（エンジニア・ビジネス・デザイナー）募集要項,https://student.dena.com/aigeneralist/description/,,,2026-08-05,株式会社ディー・エヌ・エー
kakaku-com-corporate,corporate,株式会社カカクコム 企業サイト,https://corporate.kakaku.com/,,,2026-08-05,株式会社カカクコム
kakaku-com-company-profile,corporate,会社概要,https://corporate.kakaku.com/company/profile,,,2026-08-05,株式会社カカクコム
kakaku-com-company-history,corporate,沿革,https://corporate.kakaku.com/company/history,,,2026-08-05,株式会社カカクコム
kakaku-com-services,corporate,事業・サービス概要,https://corporate.kakaku.com/company/service,,,2026-08-05,株式会社カカクコム
kakaku-com-ir,financial_report,IR情報,https://corporate.kakaku.com/ir/,,,2026-08-05,株式会社カカクコム
kakaku-com-securities-library,financial_report,有価証券報告書一覧,https://corporate.kakaku.com/ir/library/securities,,,2026-08-05,株式会社カカクコム
kakaku-com-recruit,recruitment,採用情報,https://kakaku.com/info/recruit/,,,2026-08-05,株式会社カカクコム
kakaku-com-recruit-graduate,recruitment,新卒採用,https://kakaku.com/info/recruit/job/graduate.html,,,2026-08-05,株式会社カカクコム
kakaku-com-recruit-bizdev,recruitment,2027年度入社 新卒採用 事業開発職,https://hrmos.co/pages/kakakucom/jobs/100000033,,,2026-08-05,株式会社カカクコム
kakaku-com-recruit-business,recruitment,2027年度入社 新卒採用 ビジネス職,https://hrmos.co/pages/kakakucom/jobs/100000035,,,2026-08-05,株式会社カカクコム
kakaku-com-recruit-engineer,recruitment,2027年度入社 新卒採用 エンジニア職,https://hrmos.co/pages/kakakucom/jobs/100000040,,,2026-08-05,株式会社カカクコム
kakaku-com-recruit-faq,recruitment,採用FAQ,https://kakaku.com/info/recruit/faq.html,,,2026-08-05,株式会社カカクコム
kakaku-com-insurance-corporate,corporate,会社概要,https://kakakucom-insurance.co.jp/about.html,,,2026-08-05,株式会社カカクコム・インシュアランス
kakaku-com-timedesign-corporate,corporate,会社概要,https://www.timedesign.co.jp/aboutus/profile/,,,2026-08-05,株式会社タイムデザイン
kakaku-com-lcl-corporate,corporate,LCLについて,https://www.lclco.com/company/,,,2026-08-05,株式会社LCL
kakaku-com-liplus-corporate,corporate,LiPLUS運営会社,https://liplus-h.com/company/,,,2026-08-05,株式会社LiPLUSホールディングス
kakaku-com-engage-corporate,corporate,株式会社エンゲージ,https://corp.en-gage.net/,,,2026-08-05,株式会社エンゲージ
kakaku-com-digital-garage-corporate,corporate,株式会社デジタルガレージ企業サイト,https://www.garage.co.jp/,,,2026-08-05,株式会社デジタルガレージ
kakaku-com-kddi-corporate,corporate,KDDI企業サイト,https://www.kddi.com/,,,2026-08-05,KDDI株式会社
recruit-holdings-official-profile,corporate,会社概要,https://recruit-holdings.com/ja/about/profile/,,,2026-08-05,株式会社リクルートホールディングス
recruit-holdings-official-history,corporate,価値創造の歴史,https://recruit-holdings.com/ja/about/history/,,,2026-08-05,株式会社リクルートホールディングス
recruit-holdings-official-vision,corporate,ビジョン・ミッション・バリューズ,https://recruit-holdings.com/ja/about/vision-mission-values/,,,2026-08-05,株式会社リクルートホールディングス
recruit-holdings-official-business,corporate,ビジネスモデル,https://recruit-holdings.com/ja/about/business/,,,2026-08-05,株式会社リクルートホールディングス
recruit-holdings-official-group,corporate,グループ企業一覧,https://recruit-holdings.com/ja/about/group/,,,2026-08-05,株式会社リクルートホールディングス
recruit-holdings-recruitment-2027,recruitment,2027年度新卒採用 募集要項,https://www.recruit.co.jp/employment/students/requirements/,,,2026-08-05,株式会社リクルートホールディングス
recruit-holdings-recruitment-business-2027,recruitment,2027年度新卒採用 ビジネスグロース,https://www.recruit.co.jp/employment/students/business/,,,2026-08-05,株式会社リクルートホールディングス
recruit-holdings-recruitment-product-growth-2027,recruitment,2027年度新卒採用 プロダクトグロース,https://www.recruit.co.jp/employment/students/product_growth/,,,2026-08-05,株式会社リクルートホールディングス
recruit-holdings-recruitment-engineer-2027,recruitment,2027年度新卒採用 エンジニア,https://www.recruit.co.jp/employment/students/engineer/,,,2026-08-05,株式会社リクルートホールディングス
recruit-holdings-recruitment-data-2027,recruitment,2027年度新卒採用 データスペシャリスト,https://www.recruit.co.jp/employment/students/data_specialist/,,,2026-08-05,株式会社リクルートホールディングス
recruit-holdings-recruitment-design-2027,recruitment,2027年度新卒採用 デザイン,https://www.recruit.co.jp/employment/students/design/,,,2026-08-05,株式会社リクルートホールディングス
recruit-holdings-recruitment-workstyle,recruitment,働き方・福利厚生,https://www.recruit.co.jp/employment/students/workstyle/,,,2026-08-05,株式会社リクルートホールディングス
obic-home,corporate,オービック企業サイト,https://www.obic.co.jp/,,,2026-08-05,株式会社オービック
obic-company,corporate,会社情報,https://www.obic.co.jp/company/,,,2026-08-05,株式会社オービック
obic-company-profile,corporate,会社概要,https://www.obic.co.jp/company/about.html,,,2026-08-05,株式会社オービック
obic-business,corporate,事業内容,https://www.obic.co.jp/company/business_overview.html,,,2026-08-05,株式会社オービック
obic-group,corporate,グループ企業一覧,https://www.obic.co.jp/company/group.html,,,2026-08-05,株式会社オービック
obic-ir,financial_report,IR情報,https://www.obic.co.jp/ir/,,,2026-08-05,株式会社オービック
obic-ir-reports,financial_report,IR資料,https://www.obic.co.jp/ir/reports.html,,,2026-08-05,株式会社オービック
obic-securities-2026,statutory_filing,有価証券報告書－第59期(2025/04/01－2026/03/31),https://www.obic.co.jp/ir/pdf/security_report/20260623.pdf,,2026-06-23,2026-08-05,株式会社オービック
obic-recruit,recruitment,採用情報,https://www.obic.co.jp/recruit/,,,2026-08-05,株式会社オービック
obic-recruit-graduate,recruitment,新卒採用,https://www.obic.co.jp/recruit/newgraduate/,,,2026-08-05,株式会社オービック
obic-recruit-guideline,recruitment,2027年3月卒向け募集要項,https://www.obic.co.jp/recruit/newgraduate/information/guideline.html,,,2026-08-05,株式会社オービック
biprogy-official-company,corporate,会社概要,https://www.biprogy.com/com/com.html,,,2026-08-05,ＢＩＰＲＯＧＹ株式会社
biprogy-official-philosophy,corporate,企業理念,https://www.biprogy.com/com/corporate_philosophy.html,,,2026-08-05,ＢＩＰＲＯＧＹ株式会社
biprogy-official-purpose,corporate,Purpose and Principles,https://www.biprogy.com/com/purpose_principles.html,,,2026-08-05,ＢＩＰＲＯＧＹ株式会社
biprogy-official-group,corporate,グループ会社,https://www.biprogy.com/com/group.html,,,2026-08-05,ＢＩＰＲＯＧＹ株式会社
biprogy-official-ir,financial_report,IR情報,https://www.biprogy.com/invest-j/,,,2026-08-05,ＢＩＰＲＯＧＹ株式会社
biprogy-official-securities,financial_report,有価証券報告書等,https://www.biprogy.com/invest-j/financial/sr.html,,,2026-08-05,ＢＩＰＲＯＧＹ株式会社
biprogy-recruit,recruitment,採用情報,https://www.biprogy.com/recruit/,,,2026-08-05,ＢＩＰＲＯＧＹ株式会社
biprogy-recruit-graduate,recruitment,新卒採用・募集要項,https://www.biprogy.com/recruit/recruiting/,,,2026-08-05,ＢＩＰＲＯＧＹ株式会社
biprogy-recruit-faq,recruitment,採用FAQ,https://www.biprogy.com/recruit/recruiting/faq.html,,,2026-08-05,ＢＩＰＲＯＧＹ株式会社
fujitsu-official-about,corporate,富士通 会社概要,https://global.fujitsu/ja-jp/about/corporate,,,2026-08-05,富士通株式会社
fujitsu-official-facts,corporate,富士通のプロフィール,https://global.fujitsu/ja-jp/about/corporate/facts,,,2026-08-05,富士通株式会社
fujitsu-official-business,corporate,富士通の事業内容,https://global.fujitsu/ja-jp/about/our-business,,,2026-08-05,富士通株式会社
fujitsu-official-ir,financial_report,富士通 IR情報,https://global.fujitsu/ja-jp/ir/,,,2026-08-05,富士通株式会社
fujitsu-recruit,recruitment,富士通 新卒採用募集要項,https://fujitsu.recruiting.jp.fujitsu.com/recruit/,,,2026-08-05,富士通株式会社
fujitsu-recruit-flow,recruitment,富士通 応募コース・選考フロー,https://fujitsu.recruiting.jp.fujitsu.com/recruit/flow/,,,2026-08-05,富士通株式会社
fujitsu-group,corporate,富士通 国内グループ会社,https://global.fujitsu/ja-jp/about/corporate/subsidiaries,,,2026-08-05,富士通株式会社
nec-official-necway,corporate,NEC Way,https://jpn.nec.com/profile/corp/necway.html,,,2026-08-05,日本電気株式会社
nec-official-ir,financial_report,NEC 有価証券報告書,https://jpn.nec.com/ir/library/securities.html,,,2026-08-05,日本電気株式会社
nec-recruit,recruitment,NEC 新卒採用,https://jpn.nec.com/recruit/newgraduate/,,,2026-08-05,日本電気株式会社
nec-recruit-guideline,recruitment,NEC 新卒採用募集要項,https://jpn.nec.com/recruit/newgraduate/recruitinfo.html,,,2026-08-05,日本電気株式会社
nec-recruit-matching,recruitment,NEC ジョブマッチング採用,https://jpn.nec.com/recruit/newgraduate/matching/,,,2026-08-05,日本電気株式会社
softbank-official-philosophy,corporate,ソフトバンク 経営理念,https://www.softbank.jp/corp/aboutus/philosophy/,,,2026-08-05,ソフトバンク株式会社
softbank-official-ir,financial_report,ソフトバンク IR情報,https://www.softbank.jp/corp/ir/,,,2026-08-05,ソフトバンク株式会社
softbank-official-segments,financial_report,ソフトバンク 事業セグメント情報,https://www.softbank.jp/corp/ir/financials/segments/,,,2026-08-05,ソフトバンク株式会社
softbank-official-group,corporate,ソフトバンク グループ企業,https://www.softbank.jp/corp/aboutus/business/group/,,,2026-08-05,ソフトバンク株式会社
softbank-recruit,recruitment,ソフトバンク 新卒採用,https://recruit.softbank.jp/graduate/,,,2026-08-05,ソフトバンク株式会社
softbank-recruit-guideline,recruitment,ソフトバンク 募集要項,https://recruit.softbank.jp/graduate/recruit/guideline/,,,2026-08-05,ソフトバンク株式会社
softbank-recruit-flow,recruitment,ソフトバンク 募集職種・選考フロー,https://recruit.softbank.jp/graduate/recruit/flow/,,,2026-08-05,ソフトバンク株式会社
tis-official-home,corporate,TISI株式会社,https://www.tis.co.jp/,,,2026-08-05,TISI株式会社
tis-official-company,corporate,会社概要,https://www.tis.co.jp/company/information/,,,2026-08-05,TISI株式会社
tis-official-philosophy,corporate,OUR PHILOSOPHY（TISインテックグループ基本理念）,https://www.tis.co.jp/company/policy/philosophy/,,,2026-08-05,TISI株式会社
tis-official-vision,corporate,グループビジョン2032,https://www.tis.co.jp/company/vision/,,,2026-08-05,TISI株式会社
tis-official-ir,corporate,IR情報,https://www.tis.co.jp/ir/,,,2026-08-05,TISI株式会社
tis-official-ir-securities,corporate,有価証券報告書,https://www.tis.co.jp/ir/finance/securities_report/,,,2026-08-05,TISI株式会社
tis-official-ir-business,corporate,主な事業内容,https://www.tis.co.jp/ir/individual/products/,,,2026-08-05,TISI株式会社
tis-official-services,corporate,事業紹介,https://www.tis.co.jp/company/services/,,,2026-08-05,TISI株式会社
tis-official-group-companies,corporate,グループ会社,https://www.tis.co.jp/company/list/,,,2026-08-05,TISI株式会社
tis-official-history,corporate,沿革,https://www.tis.co.jp/company/history/,,,2026-08-05,TISI株式会社
tis-official-recruit,recruitment,採用情報,https://www.tis.co.jp/saiyo.html,,,2026-08-05,TISI株式会社
tis-official-new-graduates,recruitment,TISI新卒採用サイト,https://www.tis.co.jp/recruit/,,,2026-08-05,TISI株式会社
edinet-s100tq5c,statutory_filing,有価証券報告書－第124期(2023/04/01－2024/03/31),https://api.edinet-fsa.go.jp/api/v2/documents/S100TQ5C,S100TQ5C,2024-06-24,2026-08-05,富士通株式会社
edinet-s100tnes,statutory_filing,訂正有価証券報告書－第185期(2022/04/01－2023/03/31),https://api.edinet-fsa.go.jp/api/v2/documents/S100TNES,S100TNES,2024-06-21,2026-08-05,日本電気株式会社
edinet-s100tnfd,statutory_filing,有価証券報告書－第186期(2023/04/01－2024/03/31),https://api.edinet-fsa.go.jp/api/v2/documents/S100TNFD,S100TNFD,2024-06-21,2026-08-05,日本電気株式会社
edinet-s100vxgz,statutory_filing,有価証券報告書－第41期(2024/04/01－2025/03/31),https://api.edinet-fsa.go.jp/api/v2/documents/S100VXGZ,S100VXGZ,2025-06-13,2026-08-05,ＫＤＤＩ株式会社
dmm-official-figures,corporate,数字で見るDMM｜DMM Group,https://dmm-corp.com/figures/,,,2026-08-05,合同会社DMM.com
edinet-s100xstu,statutory_filing,有価証券報告書－第101期(2025/01/01－2025/12/31),https://api.edinet-fsa.go.jp/api/v2/documents/S100XSTU,S100XSTU,2026-03-24,2026-08-05,ＡＧＣ株式会社
edinet-s100xrr5,statutory_filing,有価証券報告書－第27期(2025/01/01－2025/12/31),https://api.edinet-fsa.go.jp/api/v2/documents/S100XRR5,S100XRR5,2026-03-26,2026-08-05,株式会社ＳＵＭＣＯ
edinet-s100yahe,statutory_filing,有価証券報告書－第57期(2025/03/21－2026/03/20),https://api.edinet-fsa.go.jp/api/v2/documents/S100YAHE,S100YAHE,2026-06-15,2026-08-05,株式会社キーエンス
edinet-s100y8ny,statutory_filing,有価証券報告書－第122期(2025/04/01－2026/03/31),https://api.edinet-fsa.go.jp/api/v2/documents/S100Y8NY,S100Y8NY,2026-06-10,2026-08-05,トヨタ自動車株式会社
edinet-s100yc6i,statutory_filing,有価証券報告書－第87期(2025/04/01－2026/03/31),https://api.edinet-fsa.go.jp/api/v2/documents/S100YC6I,S100YC6I,2026-06-16,2026-08-05,株式会社ディスコ
edinet-s100ye2c,statutory_filing,有価証券報告書－第109期(2025/04/01－2026/03/31),https://api.edinet-fsa.go.jp/api/v2/documents/S100YE2C,S100YE2C,2026-06-18,2026-08-05,ソニーグループ株式会社
edinet-s100yeta,statutory_filing,有価証券報告書－第119期(2025/04/01－2026/03/31),https://api.edinet-fsa.go.jp/api/v2/documents/S100YETA,S100YETA,2026-06-19,2026-08-05,パナソニックホールディングス株式会社
edinet-s100yeoo,statutory_filing,有価証券報告書－第63期(2025/04/01－2026/03/31),https://api.edinet-fsa.go.jp/api/v2/documents/S100YEOO,S100YEOO,2026-06-22,2026-08-05,東京エレクトロン株式会社
edinet-s100ykta,statutory_filing,有価証券報告書－第84期(2025/04/01－2026/03/31),https://api.edinet-fsa.go.jp/api/v2/documents/S100YKTA,S100YKTA,2026-06-26,2026-08-05,株式会社アドバンテスト
edinet-s100r04v,statutory_filing,有価証券報告書－第43期(2022/04/01－2023/03/31),https://api.edinet-fsa.go.jp/api/v2/documents/S100R04V,S100R04V,2023-06-22,2026-08-06,日鉄ソリューションズ株式会社
edinet-s100to3m,statutory_filing,有価証券報告書－第44期(2023/04/01－2024/03/31),https://api.edinet-fsa.go.jp/api/v2/documents/S100TO3M,S100TO3M,2024-06-20,2026-08-06,日鉄ソリューションズ株式会社
edinet-s100vy52,statutory_filing,有価証券報告書－第45期(2024/04/01－2025/03/31),https://api.edinet-fsa.go.jp/api/v2/documents/S100VY52,S100VY52,2025-06-17,2026-08-06,日鉄ソリューションズ株式会社
edinet-s100yaev,statutory_filing,有価証券報告書－第46期(2025/04/01－2026/03/31),https://api.edinet-fsa.go.jp/api/v2/documents/S100YAEV,S100YAEV,2026-06-15,2026-08-06,日鉄ソリューションズ株式会社
ibm-japan-financial-2025,financial_report,業績 - 日本 | IBM,https://www.ibm.com/jp-ja/about/financial,,,2026-08-06,日本アイ・ビー・エム株式会社
xserver-official-overview,corporate,会社概要｜エックスサーバー株式会社,https://www.xserver.co.jp/overview.php,,,2026-08-07,エックスサーバー株式会社
xserver-official-news,corporate,ニュース｜エックスサーバー株式会社,https://www.xserver.co.jp/news.php,,,2026-08-07,エックスサーバー株式会社
edinet-s100tqoz,statutory_filing,有価証券報告書－第25期(2023/04/01－2024/03/31),https://api.edinet-fsa.go.jp/api/v2/documents/S100TQOZ,S100TQOZ,2024-06-25,2026-08-07,さくらインターネット株式会社
edinet-s100vw98,statutory_filing,有価証券報告書－第26期(2024/04/01－2025/03/31),https://api.edinet-fsa.go.jp/api/v2/documents/S100VW98,S100VW98,2025-06-16,2026-08-07,さくらインターネット株式会社
edinet-s100ybg6,statutory_filing,有価証券報告書－第27期(2025/04/01－2026/03/31),https://api.edinet-fsa.go.jp/api/v2/documents/S100YBG6,S100YBG6,2026-06-15,2026-08-07,さくらインターネット株式会社
edinet-s100ygvr,statutory_filing,有価証券報告書－第11期(2025/04/01－2026/03/31),https://api.edinet-fsa.go.jp/api/v2/documents/S100YGVR,S100YGVR,2026-06-23,2026-08-07,マクニカホールディングス株式会社
edinet-s100w3d1,statutory_filing,有価証券報告書－第10期(2024/04/01－2025/03/31),https://api.edinet-fsa.go.jp/api/v2/documents/S100W3D1,S100W3D1,2025-06-25,2026-08-07,マクニカホールディングス株式会社
edinet-s100tse1,statutory_filing,有価証券報告書－第9期(2023/04/01－2024/03/31),https://api.edinet-fsa.go.jp/api/v2/documents/S100TSE1,S100TSE1,2024-06-26,2026-08-07,マクニカホールディングス株式会社
sec-0001467373-25-000217,statutory_filing,Form 10-K annual report,https://www.sec.gov/Archives/edgar/data/1467373/000146737325000217/0001467373-25-000217-index.html,0001467373-25-000217,2025-10-10,2026-08-07,Accenture plc
edinet-s100yg3q,statutory_filing,有価証券報告書－第57期(2025/04/01－2026/03/31),https://api.edinet-fsa.go.jp/api/v2/documents/S100YG3Q,S100YG3Q,2026-06-22,2026-08-07,ファナック株式会社
edinet-s100ybv4,statutory_filing,有価証券報告書－第41期(2025/04/01－2026/03/31),https://api.edinet-fsa.go.jp/api/v2/documents/S100YBV4,S100YBV4,2026-06-16,2026-08-07,東京エレクトロンデバイス株式会社
edinet-s100w1ey,statutory_filing,有価証券報告書－第40期(2024/04/01－2025/03/31),https://api.edinet-fsa.go.jp/api/v2/documents/S100W1EY,S100W1EY,2025-06-23,2026-08-07,東京エレクトロンデバイス株式会社
edinet-s100togi,statutory_filing,有価証券報告書－第39期(2023/04/01－2024/03/31),https://api.edinet-fsa.go.jp/api/v2/documents/S100TOGI,S100TOGI,2024-06-20,2026-08-07,東京エレクトロンデバイス株式会社
boj-fxerm-usdjpy,public_data,時系列統計データ 為替相場（東京インターバンク相場・月次）,https://www.stat-search.boj.or.jp/ssi/mtshtml/fm08_m_1.html,FM08'FXERM06/FM08'FXERM07,2026-08-05,2026-08-07,日本銀行
edinet-s100r42i,statutory_filing,有価証券報告書,https://api.edinet-fsa.go.jp/api/v2/documents/S100R42I,S100R42I,2023-06-29,2026-08-08,日本通信株式会社
edinet-s100tu71,statutory_filing,有価証券報告書,https://api.edinet-fsa.go.jp/api/v2/documents/S100TU71,S100TU71,2024-06-27,2026-08-08,日本通信株式会社
edinet-s100w51c,statutory_filing,有価証券報告書,https://api.edinet-fsa.go.jp/api/v2/documents/S100W51C,S100W51C,2025-06-26,2026-08-08,日本通信株式会社
jri-koukoku-2026-24,statutory_filing,第24期決算公告（2026年3月期）貸借対照表・損益計算書,https://www.jri.co.jp/file/pdf/company/koukoku/2026_24.pdf,jri-koukoku-2026-24,2026-06-29,2026-08-08,株式会社日本総合研究所
jri-koukoku-2025-23,statutory_filing,第23期決算公告（2025年3月期）貸借対照表・損益計算書,https://www.jri.co.jp/file/pdf/company/koukoku/2025_23.pdf,jri-koukoku-2025-23,2025-06-30,2026-08-08,株式会社日本総合研究所
jri-koukoku-2024-22,statutory_filing,第22期決算公告（2024年3月期）貸借対照表・損益計算書,https://www.jri.co.jp/file/pdf/company/koukoku/2024_22.pdf,jri-koukoku-2024-22,2024-06-28,2026-08-08,株式会社日本総合研究所
jri-koukoku-2023-21,statutory_filing,第21期決算公告（2023年3月期）貸借対照表・損益計算書,https://www.jri.co.jp/file/pdf/company/koukoku/2023_21.pdf,jri-koukoku-2023-21,2023-06-30,2026-08-08,株式会社日本総合研究所
jri-koukoku-2022-20,statutory_filing,第20期決算公告（2022年3月期）貸借対照表・損益計算書,https://www.jri.co.jp/file/pdf/company/koukoku/2022_20.pdf,jri-koukoku-2022-20,2022-06-30,2026-08-08,株式会社日本総合研究所
jri-corporate-profile,corporate,会社概要（従業員数・資本金・株主）,https://www.jri.co.jp/company/profile/,,,2026-08-08,株式会社日本総合研究所
jri-koukoku-merger-2026-0106,statutory_filing,合併公告（2026年1月6日）,https://www.jri.co.jp/file/pdf/company/koukoku/20260106.pdf,jri-koukoku-20260106,2026-01-06,2026-08-08,株式会社日本総合研究所
jri-koukoku-merger-2025-0722,statutory_filing,合併公告（2025年7月22日）,https://www.jri.co.jp/file/pdf/company/koukoku/20250722.pdf,jri-koukoku-20250722,2025-07-22,2026-08-08,株式会社日本総合研究所
edinet-s100tsij,statutory_filing,有価証券報告書－第88期(2023/04/01－2024/03/31),https://api.edinet-fsa.go.jp/api/v2/documents/S100TSIJ,S100TSIJ,2024-06-27,2026-08-08,株式会社村田製作所
edinet-s100w2zr,statutory_filing,有価証券報告書－第89期(2024/04/01－2025/03/31),https://api.edinet-fsa.go.jp/api/v2/documents/S100W2ZR,S100W2ZR,2025-06-24,2026-08-08,株式会社村田製作所
edinet-s100yhpy,statutory_filing,有価証券報告書－第90期(2025/04/01－2026/03/31),https://api.edinet-fsa.go.jp/api/v2/documents/S100YHPY,S100YHPY,2026-06-24,2026-08-08,株式会社村田製作所
edinet-s100vouj,statutory_filing,訂正有価証券報告書－第50期(2024/01/01－2024/12/31),https://api.edinet-fsa.go.jp/api/v2/documents/S100VOUJ,S100VOUJ,2025-04-30,2026-08-08,株式会社電通総研
edinet-s100t3af,statutory_filing,有価証券報告書－第49期(2023/01/01－2023/12/31),https://api.edinet-fsa.go.jp/api/v2/documents/S100T3AF,S100T3AF,2024-03-22,2026-08-08,株式会社電通総研
edinet-s100vfhi,statutory_filing,有価証券報告書－第50期(2024/01/01－2024/12/31),https://api.edinet-fsa.go.jp/api/v2/documents/S100VFHI,S100VFHI,2025-03-24,2026-08-08,株式会社電通総研
edinet-s100xrjk,statutory_filing,有価証券報告書－第51期(2025/01/01－2025/12/31),https://api.edinet-fsa.go.jp/api/v2/documents/S100XRJK,S100XRJK,2026-03-18,2026-08-08,株式会社電通総研
attokyo-esg-data-2024,financial_report,アット東京 ESGデータ2024（環境編・社会/ガバナンス編）,https://www.attokyo.co.jp/file/ESG_Data_attokyo_2024.pdf,,2025-06-30,2026-08-08,株式会社アット東京
attokyo-corporate,corporate,会社概要（公式サイト）,https://www.attokyo.co.jp/company/outline.html,,,2026-08-08,株式会社アット東京
edinet-s100t22a,statutory_filing,有価証券報告書－第25期(2023/01/01－2023/12/31),https://api.edinet-fsa.go.jp/api/v2/documents/S100T22A,S100T22A,2024-03-19,2026-08-08,株式会社ブロードバンドタワー
edinet-s100v1my,statutory_filing,有価証券報告書－第26期(2024/01/01－2024/12/31),https://api.edinet-fsa.go.jp/api/v2/documents/S100V1MY,S100V1MY,2025-03-19,2026-08-08,株式会社ブロードバンドタワー
edinet-s100wzgb,statutory_filing,有価証券報告書－第47期(2025/01/01－2025/12/31),https://api.edinet-fsa.go.jp/api/v2/documents/S100WZGB,S100WZGB,2026-03-19,2026-08-08,株式会社ブロードバンドタワー
attokyo-mynavi-2027,recruitment,マイナビ2027 株式会社アット東京 会社概要・採用データ,https://job.mynavi.jp/27/pc/search/corp109928/outline.html,corp109928,,2026-08-08,株式会社アット東京（マイナビ2027掲載）
jri-hr-data-2023,corporate,人材データ詳細,https://www.jri.co.jp/MediaLibrary/file/pdf/company/hr/hr_data.pdf,,,2026-08-08,株式会社日本総合研究所
nttdata-recruit-2027,recruitment,NTT DATA 新卒採用 募集要項,https://nttdata-recruit.com/recruit/requirements.html,,,2026-08-09,株式会社NTTデータグループ
jinji-r8-kankoku,public_data,令和8年 人事院勧告,https://www.jinji.go.jp/content/000017808.pdf,,2026-08-07,2026-08-11,人事院
jinji-r8-kyuhyo,public_data,令和8年 勧告の行政職俸給表(一),https://www.jinji.go.jp/content/000017811.pdf,,2026-08-07,2026-08-11,人事院
jinji-saiyou-r7,public_data,令和7年4月1日における区分試験別・府省等別採用状況,https://www.jinji.go.jp/content/000012088.pdf,,2025-07-29,2026-08-11,人事院
jinji-saiyou-r6,public_data,令和6年度 国家公務員採用総合職試験 区分試験別・府省等別採用状況,https://www.jinji.go.jp/content/000010831.pdf,,2024-07-30,2026-08-11,人事院
jinji-yotei-r9,public_data,府省等別採用予定数及び官庁訪問窓口一覧(2027年度採用),https://www.jinji.go.jp/content/000015294.pdf,,2026-02-25,2026-08-11,人事院
jinji-siken-r8-in,public_data,令和8年度 国家公務員採用総合職試験(院卒者試験) 実施状況,https://www.jinji.go.jp/content/000015829.pdf,,2026-05-29,2026-08-11,人事院
jinji-siken-r8-dai,public_data,令和8年度 国家公務員採用総合職試験(大卒程度試験) 実施状況,https://www.jinji.go.jp/content/000015830.pdf,,2026-05-29,2026-08-11,人事院
jinji-digital-gaiyou,public_data,デジタル分野の専門性を持つ皆さんへ(総合職 デジタル区分・一般職 デジタル・電気・電子区分),https://www.jinji.go.jp/saiyo/syokai/digital_gaiyou.html,,,2026-08-11,人事院
digital-agency-corporate,corporate,デジタル庁 公式サイト,https://www.digital.go.jp/,,,2026-08-11,デジタル庁
meti-corporate,corporate,経済産業省 公式サイト,https://www.meti.go.jp/,,,2026-08-11,経済産業省
mic-corporate,corporate,総務省 公式サイト,https://www.soumu.go.jp/,,,2026-08-11,総務省
npa-corporate,corporate,警察庁 公式サイト,https://www.npa.go.jp/,,,2026-08-11,警察庁
jpo-corporate,corporate,特許庁 公式サイト,https://www.jpo.go.jp/,,,2026-08-12,特許庁
mhlw-corporate,corporate,厚生労働省 公式サイト,https://www.mhlw.go.jp/,,,2026-08-12,厚生労働省
mod-corporate,corporate,防衛省 公式サイト,https://www.mod.go.jp/,,,2026-08-12,防衛省
atla-corporate,corporate,防衛装備庁 公式サイト,https://www.mod.go.jp/atla/,,,2026-08-12,防衛装備庁
jpo-saiyo-tokkyo,corporate,特許審査官 採用情報,https://www.jpo.go.jp/news/saiyo/kokka/tokkyo/saiyo-info/index.html,,2026-05-07,2026-08-12,特許庁
mhlw-saiyo-suuri,corporate,国家公務員総合職(数理・デジタル系),https://www.mhlw.go.jp/stf/kouseiroudoushou/saiyou/suuri.html,,2026-07-30,2026-08-12,厚生労働省
mhlw-saiyo-ippan-digital,corporate,厚生労働省(一般職:デジタル・電気・電子区分),https://www.mhlw.go.jp/general/saiyo/kokka2/kokka2-kousei/den-jouhou.html,,,2026-08-12,厚生労働省
mhlw-yosan-r8,public_data,令和8年度厚生労働省予算案の概要,https://www.mhlw.go.jp/wp/yosan/yosan/26syokanyosan/dl/01-01.pdf,,,2026-08-12,厚生労働省
mod-saiyo-research,corporate,防衛省 総合職(研究職)採用情報,https://www.mod.go.jp/j/saiyou/sougou_research/index.html,,,2026-08-12,防衛省
mod-yosan-r8,public_data,防衛力抜本的強化の進捗と予算-令和8年度予算の概要-,https://www.mod.go.jp/j/budget/yosan_gaiyo/fy2026/yosan_20260408.pdf,,2026-04-08,2026-08-12,防衛省
atla-boshuyoko-kenkyu,corporate,防衛装備庁 研究職 募集要項,https://www.mod.go.jp/atla/saiyou/saiyo_joho/boshuyoko_sogo.html,,,2026-08-12,防衛装備庁
atla-kanbu-r8,public_data,防衛装備庁主要幹部名簿(令和8年8月7日現在),https://www.mod.go.jp/atla/soshiki/kanbulist_r080807.pdf,,2026-08-07,2026-08-12,防衛装備庁
edinet-s100ti4b,statutory_filing,有価証券報告書－第10期(2023/03/01－2024/02/29),https://api.edinet-fsa.go.jp/api/v2/documents/S100TI4B,S100TI4B,2024-05-29,2026-08-15,株式会社ベイカレント・コンサルティング
edinet-s100vtpa,statutory_filing,有価証券報告書－第11期(2024/03/01－2025/02/28),https://api.edinet-fsa.go.jp/api/v2/documents/S100VTPA,S100VTPA,2025-05-28,2026-08-15,株式会社ベイカレント
edinet-s100y69g,statutory_filing,有価証券報告書－第12期(2025/03/01－2026/02/28),https://api.edinet-fsa.go.jp/api/v2/documents/S100Y69G,S100Y69G,2026-05-26,2026-08-15,株式会社ベイカレント
edinet-s100ygf5,statutory_filing,有価証券報告書－第12期(2025/04/01－2026/03/31),https://api.edinet-fsa.go.jp/api/v2/documents/S100YGF5,S100YGF5,2026-06-23,2026-08-15,株式会社ＫＡＤＯＫＡＷＡ
pixiv-official-company-overview,corporate,会社概要｜ピクシブ株式会社,https://www.pixiv.co.jp/company/,,,2026-08-15,ピクシブ株式会社
pixiv-official-employee-data,corporate,社員データ｜ピクシブ株式会社,https://www.pixiv.co.jp/data/,,,2026-08-15,ピクシブ株式会社
pixiv-official-figures,corporate,データで見るpixiv｜ピクシブ株式会社,https://www.pixiv.co.jp/pixiv_data/,,,2026-08-15,ピクシブ株式会社
pixiv-business-guide-202607,financial_report,pixiv Business Guide 2026年7月Ver（メディア向け企業資料・ビジネスガイド2026年度版）,https://pixiv1.box.com/s/l5eg2kicvyan6rgmqkpdy26f5d6doyd8,,,2026-08-15,ピクシブ株式会社
edinet-s100w3pv,statutory_filing,有価証券報告書－第11期(2024/04/01－2025/03/31),https://api.edinet-fsa.go.jp/api/v2/documents/S100W3PV,S100W3PV,2025-06-25,2026-08-15,株式会社ＫＡＤＯＫＡＷＡ
edinet-s100u4mi,statutory_filing,有価証券報告書－第10期(2023/04/01－2024/03/31),https://api.edinet-fsa.go.jp/api/v2/documents/S100U4MI,S100U4MI,2024-07-31,2026-08-15,株式会社ＫＡＤＯＫＡＷＡ
